{
    "background-color": [
        0.800000011920929,
        0.8156862854957581,
        0.8549019694328308,
        1
    ],
    "customize-topbar": false,
    "topbar-border-thickness": 0,
    "topbar-border-color": [
        1,
        1,
        1,
        1
    ],
    "topbar-background-color": [
        0,
        0,
        0,
        0.25
    ],
    "topbar-foreground-color": [
        1,
        1,
        1,
        1
    ],
    "customize-label": true,
    "hide-labels": false,
    "label-border-radius": 2.959641255605381,
    "label-border-thickness": 0,
    "label-border-color": [
        0.8196078538894653,
        0.8313725590705872,
        0.8588235378265381,
        1
    ],
    "label-background-color": [
        0.9019607901573181,
        0.9137254953384399,
        0.9372549057006836,
        1
    ],
    "label-foreground-color": [
        0.2980392277240753,
        0.30980393290519714,
        0.4117647111415863,
        1
    ],
    "border-radius": 3.93717277486911,
    "border-thickness": 1,
    "border-color": [
        0.3607843220233917,
        0.37254902720451355,
        0.46666666865348816,
        1
    ],
    "separator-thickness": 0,
    "separator-color": [
        0.9725490212440491,
        0.4901960790157318,
        0.5254901647567749,
        1
    ],
    "icon-effect": 0,
    "icon-effect-color": [
        1,
        1,
        1,
        1
    ],
    "meta": {
        "title": "My Theme"
    }
}