{
    "background-color": [
        0.11372549086809158,
        0.11372549086809158,
        0.16862745583057404,
        1
    ],
    "customize-topbar": false,
    "topbar-border-thickness": 0,
    "topbar-border-color": [
        1,
        1,
        1,
        1
    ],
    "topbar-background-color": [
        0,
        0,
        0,
        0.25
    ],
    "topbar-foreground-color": [
        1,
        1,
        1,
        1
    ],
    "customize-label": false,
    "hide-labels": false,
    "label-border-radius": 0,
    "label-border-thickness": 0,
    "label-border-color": [
        1,
        1,
        1,
        1
    ],
    "label-background-color": [
        0,
        0,
        0,
        0.25
    ],
    "label-foreground-color": [
        1,
        1,
        1,
        1
    ],
    "border-radius": 3.93717277486911,
    "border-thickness": 3,
    "border-color": [
        0.6509804725646973,
        0.8901960849761963,
        0.6313725709915161,
        1
    ],
    "separator-thickness": 0,
    "separator-color": [
        0.9725490212440491,
        0.4901960790157318,
        0.5254901647567749,
        1
    ],
    "icon-effect": 0,
    "icon-effect-color": [
        1,
        1,
        1,
        1
    ],
    "meta": {
        "title": "My Theme"
    }
}